Extension,Custom group (title),Group machine name,Extends entity,Extends sub-type / case-type,Field label,Field machine name,Column name,Data type,HTML type,Option group,Multi-value,Required,Searchable,View-only,Source,Calculated,Current help_pre,Current help_post,Proposed help_post,Security/ACL,Owner,Status,Last reviewed
eic_config,Organisation identifiers,EIC_Organisation_identifiers,Organization,EIC_Awardee / Investor / EIC_Organisation,SMEDId,SMEDId,smed_id,String,Text,,No,No,No,No,EC corporate tools / import,No,,,"SME Database identifier for the organisation in the EC SME/participant systems. Source: EC corporate tools. Format: numeric id. Used for: matching the company to its EC SME records.",,,Active,
eic_config,Organisation identifiers,EIC_Organisation_identifiers,Organization,EIC_Awardee / Investor / EIC_Organisation,PIC,PIC,pic,String,Text,,No,No,In selector,No,EC corporate tools / import,No,"The Participant Identification Code (PIC) is a unique 9-digit reference number used by the European Commission to identify a legal entity across all EU funding programmes, including EIC calls, grants, prizes, and tenders.",,"Never overwritten once set. Used to match a company to its cases and to deduplicate. Format: 9 digits.",,,Active,Has help_pre already
eic_config,Organisation identifiers,EIC_Organisation_identifiers,Organization,EIC_Awardee / Investor / EIC_Organisation,Company Domain Name,Company_Domain_Name,company_domain_name,String,Text,,No,No,No,No,Import / manual,No,,,"The organisation's primary web domain (e.g. example.com). Source: import / manual. Used for: secondary matching of a company.",,,Active,
eic_config,EIC Awardee Additionnal Information,EIC_Awardee_Additionnal_Information,Organization,EIC_Awardee,Program,Program,program,String,Select,(programme list),No,No,No,No,EC corporate tools,No,,,"The EIC programme the organisation was funded/selected under (e.g. EIC Accelerator). Source: EC corporate tools.",,,Active,
eic_config,EIC Awardee Additionnal Information,EIC_Awardee_Additionnal_Information,Organization,EIC_Awardee,Research organisation,Research_organisation,research_organisation,Boolean,Toggle,,No,No,No,No,EC corporate tools,No,,,"Yes if the entity is a research organisation (RES) under EC legal-status rules. Source: EC corporate tools.",,,Active,Import maps CSV 1=No / 2=Yes
eic_config,EIC Awardee Additionnal Information,EIC_Awardee_Additionnal_Information,Organization,EIC_Awardee,Large research infrastructure,Large_research_infrastructure,large_research_infrastructure,Boolean,Toggle,,No,No,No,No,EC corporate tools,No,,,"Yes if the entity qualifies as a large research infrastructure. Source: EC corporate tools.",,,Active,
eic_config,EIC Awardee Additionnal Information,EIC_Awardee_Additionnal_Information,Organization,EIC_Awardee,Non-profit organisation,Non_profit_organisation,non_profit_org,Boolean,Toggle,,No,No,No,No,EC corporate tools,No,,,"Yes if the entity is a non-profit organisation (NPO). Source: EC corporate tools.",,,Active,
eic_config,EIC Awardee Additionnal Information,EIC_Awardee_Additionnal_Information,Organization,EIC_Awardee,Public body,Public_body,public_body,Boolean,Toggle,,No,No,No,No,EC corporate tools,No,,,"Yes if the entity is a public body (PUB). Source: EC corporate tools.",,,Active,
eic_config,EIC Awardee Additionnal Information,EIC_Awardee_Additionnal_Information,Organization,EIC_Awardee,International organisation,International_organisation,intl_org,Boolean,Toggle,,No,No,No,No,EC corporate tools,No,,,"Yes if the entity is an international organisation. Source: EC corporate tools.",,,Active,
eic_config,EIC Awardee Additionnal Information,EIC_Awardee_Additionnal_Information,Organization,EIC_Awardee,European interest,European_interest,eu_interest,Boolean,Toggle,,No,No,No,No,EC corporate tools,No,,,"Yes if the entity is an International Organisation of European Interest. Source: EC corporate tools.",,,Active,
eic_config,EIC Awardee Additionnal Information,EIC_Awardee_Additionnal_Information,Organization,EIC_Awardee,Legal status,Legal_status,legal_status,String,Select,(legal status list),No,No,No,No,EC corporate tools,No,,,"Legal status classification (e.g. LEGAL_PERSON / NATURAL_PERSON). Source: EC corporate tools.",,,Active,
eic_config,EIC Awardee Additionnal Information,EIC_Awardee_Additionnal_Information,Organization,EIC_Awardee,SME vs mid-cap status,SME_vs_mid_cap_status,sme_mid_cap,String,Select,Not an SME / SME / Mid-cap / N/A,No,No,No,No,EC corporate tools,No,,,"Whether the entity is an SME, a mid-cap, or neither, per EC validation. Source: EC corporate tools.",,,Active,
eic_config,EIC Awardee Additionnal Information,EIC_Awardee_Additionnal_Information,Organization,EIC_Awardee,SME status type,SME_status_type,sme_status_type,String,Select,Self-assessment / Validation services / N/A,No,No,No,No,EC corporate tools,No,,,"How the SME status was established: Self-assessment or Validation services. N/A when not an SME. Source: EC corporate tools.",,,Active,
eic_config,EIC Awardee Additionnal Information,EIC_Awardee_Additionnal_Information,Organization,EIC_Awardee,Higher or secondary education establishment,higher_or_secondary_education_establishment,edu_est,Boolean,Toggle,,No,No,No,No,EC corporate tools,No,,,"Yes if the entity is a higher or secondary education establishment (HES). Source: EC corporate tools.",,,Active,
eic_config,EIC Awardee Additionnal Information,EIC_Awardee_Additionnal_Information,Organization,EIC_Awardee,Legal personality,Legal_personality,legal_personality,Boolean,Toggle,,No,No,No,No,EC corporate tools,No,,,"Yes if the entity has legal personality. Source: EC corporate tools.",,,Active,html_type fixed Text->Toggle
eic_config,EIC Awardee representative,EIC_Awardee_representative,Individual,EIC_Registered,EU Login,eulogin,eulogin,String,Text,,No,No,No,No,Import / manual,No,,,"The person's EU Login username/email used for EC portals. Source: import (person CSV) / manual. Used for: deduplicating representative contacts.",,,Active,column_name fixed via eic_config upgrade_1009; label was 'eulogin'
eic_config,Horizon europe Relationship,EIC_Horizon_europe_Relationship,Relationship,CoCo / PaCo / LEAR / PCoCo / member,Horizon Europe Project,Horizon_Europe_Project,he_project,EntityReference,Autocomplete-Select,,No,No,No,No,Import / form processor,No,,,"The EIC Awardee Project activity this relationship relates to, so a person's role (CoCo/PaCo/LEAR...) is tied to a specific project. Source: import / form processor.",,,Active,
eic_config,Horizon Europe Project Activity,EIC_Horizon_Europe_Project_information,Activity,EIC_Awardee_Project,Project Title,Project_Title,project_title,String,Text,,No,No,No,No,Import (EC corporate tools),No,,,"Full title of the funded project. Source: import (EC corporate tools).",,,Active,
eic_config,Horizon Europe Project Activity,EIC_Horizon_Europe_Project_information,Activity,EIC_Awardee_Project,Project Number,Project_Number,project_number,String,Text,,No,No,Yes,No,EC corporate tools,No,,,"EC grant/project number - the primary key used to match this project during imports. Source: EC corporate tools.",,,Active,
eic_config,Horizon Europe Project Activity,EIC_Horizon_Europe_Project_information,Activity,EIC_Awardee_Project,EC tool status,EC_tool_status,ec_tool_status,String,Text,,No,No,No,No,EC corporate tools,No,,,"Project status as reported by the EC tools (e.g. Ongoing, Completed, Cancelled). Source: EC corporate tools.",,,Active,
eic_config,Horizon Europe Project Activity,EIC_Horizon_Europe_Project_information,Activity,EIC_Awardee_Project,Coordinator,Coordinator,coordinator,ContactReference,Autocomplete-Select,filter EIC_Awardee,No,Yes,No,No,Import / manual,No,,,"The coordinating EIC Awardee organisation for this project (required). Source: import / manual.",,,Active,
eic_config,Horizon Europe Project Activity,EIC_Horizon_Europe_Project_information,Activity,EIC_Awardee_Project,Partners,Partners,partners,ContactReference,Autocomplete-Select,filter EIC_Awardee,Yes,No,No,No,Import / manual,No,,,"Consortium partner organisations (EIC Awardees) on this project. Source: import / manual.",,,Active,
eic_config,Horizon Europe Project Activity,EIC_Horizon_Europe_Project_information,Activity,EIC_Awardee_Project,Cut-Off-Date,Cut_Off_Date,cut_off_date,Date,Select Date,,No,Yes,Yes,No,Import / manual,No,,,"The call cut-off date this project belongs to (required). Source: import / manual.",,,Active,
eic_config,Horizon Europe Project Activity,EIC_Horizon_Europe_Project_information,Activity,EIC_Awardee_Project,Category,Category,category,String,Select,EIC_Horizon_Europe_Project_Activity_Category,No,No,No,No,Import / manual,No,,,"Type of record: HE Project, HE Seal of Excellence, or H2020. Source: import (derived from programme) / manual.",,,Active,
eic_config,Horizon Europe Project Activity,EIC_Horizon_Europe_Project_information,Activity,EIC_Awardee_Project,Funding,Funding,funding,String,Select,eic_he_project_funding,No,No,Yes,No,Import / manual,No,,,"EIC funding scheme/instrument (e.g. EIC Accelerator, Pathfinder, Transition). Source: import / manual.",,,Active,
eic_config,Horizon Europe Project Activity,EIC_Horizon_Europe_Project_information,Activity,EIC_Awardee_Project,Funding Type,Funding_Type,funding_type,String,Select,EIC_Horizon_Europe_Project_Funding_Type_2,No,No,No,No,Import / manual,No,,,"How the award is structured: Blended, Grant first, Grant only, or Investment only. Source: import / manual.",,,Active,
eic_config,Horizon Europe Project Activity,EIC_Horizon_Europe_Project_information,Activity,EIC_Awardee_Project,Grant Proposed,Grant_Proposed,grant_proposed,Money,Text,,No,No,No,No,Import / manual,No,,,"Grant amount proposed for the project. Source: import / manual. Format: money.",,,Active,
eic_config,Horizon Europe Project Activity,EIC_Horizon_Europe_Project_information,Activity,EIC_Awardee_Project,Equity Proposed,Equity_Proposed,equity_proposed,Money,Text,,No,No,No,No,Import / manual,No,,,"Equity/investment amount proposed for the project. Source: import / manual. Format: money.",,,Active,
eic_config,Horizon Europe Project Activity,EIC_Horizon_Europe_Project_information,Activity,EIC_Awardee_Project,Start Date,Start_Date,start_date,Date,Select Date,,No,No,No,No,Import / manual,No,,,"Project start date. Source: import / manual.",,,Active,
eic_config,Horizon Europe Project Activity,EIC_Horizon_Europe_Project_information,Activity,EIC_Awardee_Project,End Date,End_Date,end_date,Date,Select Date,,No,No,No,No,Import / manual,No,,,"Project end date. Source: import / manual.",,,Active,
eic_config,Horizon Europe Project Activity,EIC_Horizon_Europe_Project_information,Activity,EIC_Awardee_Project,Duration (Month),Duration,duration_months,Int,Text,,No,No,No,No,Import / manual,Candidate,,,"Project length in whole months. Recommended: Calculated from Start Date and End Date (read-only). Format: integer months.",,,Active,Calculated candidate
eic_config,Horizon Europe Project Activity,EIC_Horizon_Europe_Project_information,Activity,EIC_Awardee_Project,Master,Master,master_sector,String,Select,eic_master_sector,No,No,No,No,Import / manual,Candidate,,,"Master sector (Green / Digital / Health / Social). Recommended: Calculated from the Primary sector code prefix (G./D./H./S.). Source: import / manual for now.",,,Active,Calculated candidate
eic_config,Horizon Europe Project Activity,EIC_Horizon_Europe_Project_information,Activity,EIC_Awardee_Project,Primary,Primary,primary_sector,String,Select,eic_primary_sector,No,No,No,No,Import / manual,No,,,"Primary EIC sector for the project. Option values carry their own descriptions. Source: import / manual.",,,Active,
eic_config,Horizon Europe Project Activity,EIC_Horizon_Europe_Project_information,Activity,EIC_Awardee_Project,Subsector 1,Subsector_1,subsector_1,String,Select,eic_primary_sector,No,No,No,No,Import / manual,No,,,"Secondary EIC sector classification. Same option list as Primary. Source: import / manual.",,,Active,
eic_config,Horizon Europe Project Activity,EIC_Horizon_Europe_Project_information,Activity,EIC_Awardee_Project,Subsector 2,Subsector_2,subsector_2,String,Select,eic_primary_sector,No,No,No,No,Import / manual,No,,,"Secondary EIC sector classification. Same option list as Primary. Source: import / manual.",,,Active,
eic_config,Horizon Europe Project Activity,EIC_Horizon_Europe_Project_information,Activity,EIC_Awardee_Project,Tech cluster 1,Tech_cluster_1,tech_cluster_1,String,Select,eic_primary_sector,No,No,No,No,Import / manual,No,,,"Technology-cluster tag from the EIC sector taxonomy. Source: import / manual.",,,Active,
eic_config,Horizon Europe Project Activity,EIC_Horizon_Europe_Project_information,Activity,EIC_Awardee_Project,Tech cluster 2,Tech_cluster_2,tech_cluster_2,String,Select,eic_primary_sector,No,No,No,No,Import / manual,No,,,"Technology-cluster tag from the EIC sector taxonomy. Source: import / manual.",,,Active,
eic_config,Horizon Europe Project Activity,EIC_Horizon_Europe_Project_information,Activity,EIC_Awardee_Project,Tech cluster 3,Tech_cluster_3,tech_cluster_3,String,Select,eic_primary_sector,No,No,No,No,Import / manual,No,,,"Technology-cluster tag from the EIC sector taxonomy. Source: import / manual.",,,Active,
eic_config,Horizon Europe Project Activity,EIC_Horizon_Europe_Project_information,Activity,EIC_Awardee_Project,Tech cluster 4,Tech_cluster_4,tech_cluster_4,String,Select,eic_primary_sector,No,No,No,No,Import / manual,No,,,"Technology-cluster tag from the EIC sector taxonomy. Source: import / manual.",,,Active,
eic_config,Horizon Europe Project Activity,EIC_Horizon_Europe_Project_information,Activity,EIC_Awardee_Project,Tech cluster 5,Tech_cluster_5,tech_cluster_5,String,Select,eic_primary_sector,No,No,No,No,Import / manual,No,,,"Technology-cluster tag from the EIC sector taxonomy. Source: import / manual.",,,Active,
eic_config,Horizon Europe Project Activity,EIC_Horizon_Europe_Project_information,Activity,EIC_Awardee_Project,Tech cluster 6,Tech_cluster_6,tech_cluster_6,String,Select,eic_primary_sector,No,No,No,No,Import / manual,No,,,"Technology-cluster tag from the EIC sector taxonomy. Source: import / manual.",,,Active,
eic_config,Horizon Europe Project Activity,EIC_Horizon_Europe_Project_information,Activity,EIC_Awardee_Project,Field Of Science,Field_Of_Science,field_of_science,String,Text,,No,No,No,No,Import / manual,No,,,"Free-text field-of-science classification. Source: import / manual.",,,Active,
eic_config,Horizon Europe Project Activity,EIC_Horizon_Europe_Project_information,Activity,EIC_Awardee_Project,Free Keywords,Free_Keywords,free_keywords,Memo,TextArea,,No,No,No,No,Import / manual,No,,,"Free-text keywords describing the project. Source: import / manual.",,,Active,
eic_config,Horizon Europe Project Activity,EIC_Horizon_Europe_Project_information,Activity,EIC_Awardee_Project,Termination,Termination,termination,String,Select,EIC_Horizon_Europe_Project_Activity_Termination,No,No,No,No,Import / manual,No,,,"Reason the project was terminated, if applicable: GAP termination / EU request / Beneficiary request. Source: import / manual.",,,Active,
eic_config,Horizon Europe Project Activity,EIC_Horizon_Europe_Project_information,Activity,EIC_Awardee_Project,Associated Partners,Associated_Partners,associated_partners,ContactReference,Autocomplete-Select,filter EIC_Awardee,Yes,No,No,No,Import / manual,No,,,"Associated partner organisations (not full consortium members). Source: import / manual.",,,Active,
eic_config,Horizon Europe Project Activity,EIC_Horizon_Europe_Project_information,Activity,EIC_Awardee_Project,Terminated Partners,Terminated_Partners,terminated_partners,ContactReference,Autocomplete-Select,filter EIC_Awardee,Yes,No,No,No,Import / manual,No,,,"Partners that left or were terminated from the project. Source: import / manual.",,,Active,
eic_config,Horizon Europe Project Activity,EIC_Horizon_Europe_Project_information,Activity,EIC_Awardee_Project,Phase,Phase,phase,String,Select,EIC_Horizon_Europe_Project_Activity_Phase,No,No,No,No,Import / manual,No,,,"Project phase: Phase 1 or Phase 2 (e.g. SME Instrument style). Source: import / manual.",,,Active,
eic_eu_survey_form_processor,EIC Awardee information,EIC_Awardee_information,Case,eic_awardee_onboarding / all eic_sr_* Service Request cases,EIC Title,EIC_Title,eic_title,String,Text,,No,No,No,No,Form processor (onboarding case import),No,,,"Case title marker for onboarding cases (default 'EIC Awardee Onboarding'). Used together with PIC and Project ID to match the correct case. Source: onboarding case import.",,,Active,
eic_eu_survey_form_processor,EIC Awardee information,EIC_Awardee_information,Case,eic_awardee_onboarding / all eic_sr_* Service Request cases,Organisation PIC number,Organisation_PIC_number,organisation_pic_number,String,Text,,No,No,No,No,Form processor,No,,,"The beneficiary company PIC stored on the case, used to match the case to the company. Source: onboarding case import.",,,Active,
eic_eu_survey_form_processor,EIC Awardee information,EIC_Awardee_information,Case,eic_awardee_onboarding / all eic_sr_* Service Request cases,EIC Project ID,EIC_Project_ID,eic_project_id,String,Text,,No,No,No,No,Form processor,No,,,"EIC Project ID (proposal number) from the EU-Survey; also used to match the corresponding EIC Awardee Project activity by Project Number. Source: onboarding case import.",,,Active,
eic_eu_survey_form_processor,EIC Awardee information,EIC_Awardee_information,Case,eic_awardee_onboarding / all eic_sr_* Service Request cases,EIC Project Acronym,EIC_Project_Acronym,eic_project_acronym,String,Text,,No,No,No,No,Form processor,No,,,"EIC Project Acronym from the EU-Survey; fallback match for the EIC Awardee Project activity (on activity subject). Source: onboarding case import.",,,Active,
eic_eu_survey_form_processor,EIC Awardee information,EIC_Awardee_information,Case,eic_awardee_onboarding / all eic_sr_* Service Request cases,EIC Project (activity),EIC_Project_Activity,eic_project_activity,EntityReference,Autocomplete-Select,,No,No,No,No,Form processor,No,,,"Clickable link to the matched EIC Awardee Project activity. Source: onboarding case import.",,,Active,
eic_eu_survey_form_processor,EIC Awardee information,EIC_Awardee_information,Case,eic_awardee_onboarding / all eic_sr_* Service Request cases,Funding,Project_Funding,project_funding,String,Text,,No,No,No,No,Form processor (copied from project),No,,,"Project funding scheme copied from the matched EIC Project activity at case creation. Source: onboarding case import.",,,Active,
eic_eu_survey_form_processor,EIC Awardee information,EIC_Awardee_information,Case,eic_awardee_onboarding / all eic_sr_* Service Request cases,Category,Project_Category,project_category,String,Select,EIC_Horizon_Europe_Project_Activity_Category,No,No,No,No,Form processor (copied from project),No,,,"Project category copied from the matched EIC Project activity at case creation. Source: onboarding case import.",,,Active,
eic_eu_survey_form_processor,EIC Awardee information,EIC_Awardee_information,Case,eic_awardee_onboarding / all eic_sr_* Service Request cases,Funding Type,Project_Funding_Type,project_funding_type,String,Text,,No,No,No,No,Form processor (copied from project),No,,,"Project funding type copied from the matched EIC Project activity at case creation. Source: onboarding case import.",,,Active,
eic_eu_survey_form_processor,EIC Awardee information,EIC_Awardee_information,Case,eic_awardee_onboarding / all eic_sr_* Service Request cases,Cut-Off-Date,Project_Cut_Off_Date,project_cut_off_date,String,Text,,No,No,No,No,Form processor (copied from project),No,,,"Project cut-off date copied from the matched EIC Project activity at case creation. Source: onboarding case import.",,,Active,
eic_eu_survey_form_processor,Self-Assessed information,EU_Survey_Company_Data,Organization,(all organisations),CEO or project leader gender,CEO_or_project_leader_gender,,String,Select,eu_survey_gender,No,No,No,Yes,Form processor (survey),No,,,"CEO or project leader gender, self-assessed by the Awardee via the onboarding survey. Company-level view-only value.",,,Active,
eic_eu_survey_form_processor,Self-Assessed information,EU_Survey_Company_Data,Organization,(all organisations),Founder Gender,Founder_Gender,,String,Select,eu_survey_gender,No,No,No,Yes,Form processor (survey),No,,,"Founder gender, self-assessed by the Awardee via the onboarding survey. Company-level view-only value.",,,Active,
eic_eu_survey_form_processor,Self-Assessed information,EU_Survey_Company_Data,Organization,(all organisations),Sector,Sector,,String,Select,eu_survey_sector,Yes,No,No,Yes,Form processor (survey),No,,,"Sector(s) self-assessed by the Awardee. Cumulates every value reported across all the company's projects. View-only.",,,Active,
eic_eu_survey_form_processor,Self-Assessed information,EU_Survey_Company_Data,Organization,(all organisations),TRL,TRL,,String,Select,eu_survey_trl,Yes,No,No,Yes,Form processor (survey),No,,"Technology Readiness Level (TRL). Self-assessed by the Awardee. This field cumulates all the values reported by the Awardee across every project linked to them.","Technology Readiness Level (TRL). Self-assessed by the Awardee. This field cumulates all the values reported by the Awardee across every project linked to them.",,,Active,help_post already set
eic_eu_survey_form_processor,Self-Assessed information,EU_Survey_Company_Data,Organization,(all organisations),CRL,CRL,,String,Select,eu_survey_crl,Yes,No,No,Yes,Form processor (survey),No,,"Commercial Readiness Level (CRL). Self-assessed by the Awardee. This field cumulates all the values reported by the Awardee across every project linked to them.","Commercial Readiness Level (CRL). Self-assessed by the Awardee. This field cumulates all the values reported by the Awardee across every project linked to them.",,,Active,help_post already set
eic_eu_survey_form_processor,Self-Assessed information,EU_Survey_Company_Data,Organization,(all organisations),BRL,BRL,,String,Select,eu_survey_brl,Yes,No,No,Yes,Form processor (survey),No,,"Business Readiness Level (BRL). Self-assessed by the Awardee. This field cumulates all the values reported by the Awardee across every project linked to them.","Business Readiness Level (BRL). Self-assessed by the Awardee. This field cumulates all the values reported by the Awardee across every project linked to them.",,,Active,help_post already set
eic_eu_survey_form_processor,Self-Assessed information,EU_Survey_Company_Data,Organization,(all organisations),FRL,FRL,,String,Select,eu_survey_frl,Yes,No,No,Yes,Form processor (survey),No,,"Funding Readiness Level (FRL). Self-assessed by the Awardee. This field cumulates all the values reported by the Awardee across every project linked to them.","Funding Readiness Level (FRL). Self-assessed by the Awardee. This field cumulates all the values reported by the Awardee across every project linked to them.",,,Active,help_post already set
eic_eu_survey_form_processor,Self-Assessed information (by company),eic_project_self_assessed,Activity,EIC_Awardee_Project,CEO or project leader gender,CEO_or_project_leader_gender,ceo_or_project_leader_gender,String,Select,eu_survey_gender,No,No,No,Yes,Form processor (survey),No,,"CEO or project leader gender. Self-assessed by a representative of the EIC Awardee via the onboarding survey. This value applies to this specific project.","CEO or project leader gender. Self-assessed by a representative of the EIC Awardee via the onboarding survey. This value applies to this specific project.",,,Active,help_post already set
eic_eu_survey_form_processor,Self-Assessed information (by company),eic_project_self_assessed,Activity,EIC_Awardee_Project,Founder Gender,Founder_Gender,founder_gender,String,Select,eu_survey_gender,No,No,No,Yes,Form processor (survey),No,,"Founder gender. Self-assessed by a representative of the EIC Awardee via the onboarding survey. This value applies to this specific project.","Founder gender. Self-assessed by a representative of the EIC Awardee via the onboarding survey. This value applies to this specific project.",,,Active,help_post already set
eic_eu_survey_form_processor,Self-Assessed information (by company),eic_project_self_assessed,Activity,EIC_Awardee_Project,Sector,Sector,sector,String,Select,eu_survey_sector,No,No,No,Yes,Form processor (survey),No,,"Sector. Self-assessed by a representative of the EIC Awardee via the onboarding survey. This value applies to this specific project.","Sector. Self-assessed by a representative of the EIC Awardee via the onboarding survey. This value applies to this specific project.",,,Active,help_post already set
eic_eu_survey_form_processor,Self-Assessed information (by company),eic_project_self_assessed,Activity,EIC_Awardee_Project,TRL,TRL,trl,String,Select,eu_survey_trl,No,No,No,Yes,Form processor (survey),No,,"Technology Readiness Level (TRL). Self-assessed by a representative of the EIC Awardee via the onboarding survey. This value applies to this specific project.","Technology Readiness Level (TRL). Self-assessed by a representative of the EIC Awardee via the onboarding survey. This value applies to this specific project.",,,Active,help_post already set
eic_eu_survey_form_processor,Self-Assessed information (by company),eic_project_self_assessed,Activity,EIC_Awardee_Project,CRL,CRL,crl,String,Select,eu_survey_crl,No,No,No,Yes,Form processor (survey),No,,"Commercial Readiness Level (CRL). Self-assessed by a representative of the EIC Awardee via the onboarding survey. This value applies to this specific project.","Commercial Readiness Level (CRL). Self-assessed by a representative of the EIC Awardee via the onboarding survey. This value applies to this specific project.",,,Active,help_post already set
eic_eu_survey_form_processor,Self-Assessed information (by company),eic_project_self_assessed,Activity,EIC_Awardee_Project,BRL,BRL,brl,String,Select,eu_survey_brl,No,No,No,Yes,Form processor (survey),No,,"Business Readiness Level (BRL). Self-assessed by a representative of the EIC Awardee via the onboarding survey. This value applies to this specific project.","Business Readiness Level (BRL). Self-assessed by a representative of the EIC Awardee via the onboarding survey. This value applies to this specific project.",,,Active,help_post already set
eic_eu_survey_form_processor,Self-Assessed information (by company),eic_project_self_assessed,Activity,EIC_Awardee_Project,FRL,FRL,frl,String,Select,eu_survey_frl,No,No,No,Yes,Form processor (survey),No,,"Funding Readiness Level (FRL). Self-assessed by a representative of the EIC Awardee via the onboarding survey. This value applies to this specific project.","Funding Readiness Level (FRL). Self-assessed by a representative of the EIC Awardee via the onboarding survey. This value applies to this specific project.",,,Active,help_post already set
eic_eu_survey_form_processor,Survey - Company Data,srm_survey_company_snapshot,Activity,eic_accelerator_onboarding_survey,Organisation Name,Organisation_Name,organisation_name,String,Text,,No,No,No,No,Form processor (survey snapshot),No,,,"Snapshot of the company name at survey submission time. Part of the survey audit trail.",,,Active,
eic_eu_survey_form_processor,Survey - Company Data,srm_survey_company_snapshot,Activity,eic_accelerator_onboarding_survey,PIC Number,PIC_Number,pic_number,String,Text,,No,No,No,No,Form processor (survey snapshot),No,,,"Snapshot of the company PIC at survey submission time. Part of the survey audit trail.",,,Active,
eic_eu_survey_form_processor,Survey - Company Data,srm_survey_company_snapshot,Activity,eic_accelerator_onboarding_survey,Company/Project Website,Website,website,String,Text,,No,No,No,No,Form processor (survey snapshot),No,,,"Snapshot of the company/project website at survey submission time.",,,Active,
eic_eu_survey_form_processor,Survey - Company Data,srm_survey_company_snapshot,Activity,eic_accelerator_onboarding_survey,CEO or project leader gender,CEO_or_project_leader_gender,ceo_project_leader_gender,String,Select,eu_survey_gender,No,No,No,No,Form processor (survey snapshot),No,,,"Snapshot of the declared CEO/project-leader gender at survey submission time.",,,Active,
eic_eu_survey_form_processor,Survey - Company Data,srm_survey_company_snapshot,Activity,eic_accelerator_onboarding_survey,Founder Gender,Founder_Gender,founder_gender,String,Select,eu_survey_gender,No,No,No,No,Form processor (survey snapshot),No,,,"Snapshot of the declared founder gender at survey submission time.",,,Active,
eic_eu_survey_form_processor,Survey - Company Data,srm_survey_company_snapshot,Activity,eic_accelerator_onboarding_survey,Sector,Sector,sector,String,Select,eu_survey_sector,No,No,No,No,Form processor (survey snapshot),No,,,"Snapshot of the declared sector at survey submission time.",,,Active,
eic_eu_survey_form_processor,Survey - Company Data,srm_survey_company_snapshot,Activity,eic_accelerator_onboarding_survey,TRL Self-Assessed,TRL,trl,String,Select,eu_survey_trl,Yes,No,No,No,Form processor (survey snapshot),No,,,"Snapshot of the declared TRL at survey submission time.",,,Active,
eic_eu_survey_form_processor,Survey - Company Data,srm_survey_company_snapshot,Activity,eic_accelerator_onboarding_survey,CRL Self-Assessed,CRL,crl,String,Select,eu_survey_crl,No,No,No,No,Form processor (survey snapshot),No,,,"Snapshot of the declared CRL at survey submission time.",,,Active,
eic_eu_survey_form_processor,Survey - Company Data,srm_survey_company_snapshot,Activity,eic_accelerator_onboarding_survey,BRL Self-Assessed,BRL,brl,String,Select,eu_survey_brl,No,No,No,No,Form processor (survey snapshot),No,,,"Snapshot of the declared BRL at survey submission time.",,,Active,
eic_eu_survey_form_processor,Survey - Company Data,srm_survey_company_snapshot,Activity,eic_accelerator_onboarding_survey,FRL Self-Assessed,FRL,frl,String,Select,eu_survey_frl,No,No,No,No,Form processor (survey snapshot),No,,,"Snapshot of the declared FRL at survey submission time.",,,Active,
eic_eu_survey_form_processor,Survey - Main Contact Data,srm_survey_contact_snapshot,Activity,eic_accelerator_onboarding_survey,First name,First_Name,first_name,String,Text,,No,No,No,No,Form processor (survey snapshot),No,,,"Snapshot of the main contact first name at survey submission time.",,,Active,
eic_eu_survey_form_processor,Survey - Main Contact Data,srm_survey_contact_snapshot,Activity,eic_accelerator_onboarding_survey,Last name,Last_Name,last_name,String,Text,,No,No,No,No,Form processor (survey snapshot),No,,,"Snapshot of the main contact last name at survey submission time.",,,Active,
eic_eu_survey_form_processor,Survey - Main Contact Data,srm_survey_contact_snapshot,Activity,eic_accelerator_onboarding_survey,Professional email,Professional_Email,professional_email,String,Text,,No,No,No,No,Form processor (survey snapshot),No,,,"Snapshot of the main contact professional email at survey submission time.",,,Active,
eic_eu_survey_form_processor,Survey - Main Contact Data,srm_survey_contact_snapshot,Activity,eic_accelerator_onboarding_survey,Phone number,Phone_Number,phone_number,String,Text,,No,No,No,No,Form processor (survey snapshot),No,,,"Snapshot of the main contact phone number at survey submission time.",,,Active,
eic_eu_survey_form_processor,Survey - Main Contact Data,srm_survey_contact_snapshot,Activity,eic_accelerator_onboarding_survey,Role in the organisation,Role_In_Organisation,role_in_organisation,String,Text,,No,No,No,No,Form processor (survey snapshot),No,,,"Snapshot of the main contact's declared role at survey submission time.",,,Active,
eic_eu_survey_form_processor,EIC VentureMatch Service Request,eic_sr_venturematch_data,Case,eic_sr_venturematch,What fundraising support do you need most?,fundraising_support_needed,fundraising_support_needed,String,Text,,No,No,No,No,Form processor,No,,,"The fundraising support the beneficiary needs most. Source: EU-Survey answer. VentureMatch service request context.",,,Active,
eic_eu_survey_form_processor,EIC VentureMatch Service Request,eic_sr_venturematch_data,Case,eic_sr_venturematch,Fundraising within,fundraising_within,fundraising_within,String,Text,,No,No,No,No,Form processor,No,,"Definition: the timeframe within which the beneficiary intends to fundraise. Source: Form processor (EU-Survey answer ""Are you fundraising within:""). Format: free text as provided by the survey. Used for: EIC VentureMatch service request context.","Definition: the timeframe within which the beneficiary intends to fundraise. Source: Form processor (EU-Survey answer ""Are you fundraising within:""). Format: free text. Used for: EIC VentureMatch service request context.",,,Active,help_post already set
eic_eu_survey_form_processor,EIC Coaching Service Request,eic_sr_coaching_data,Case,eic_sr_coaching,Support required:,support_required,support_required,String,Text,,No,No,No,No,Form processor,No,,"Definition: the type of industry expert or coaching support the beneficiary requires. Source: Form processor (EU-Survey answer ""What type of support?""). Format: free text as provided by the survey. Used for: EIC Coaching service request context.","Definition: the type of industry expert or coaching support the beneficiary requires. Source: EU-Survey answer. Used for: EIC Coaching service request context.",,,Active,help_post already set
eic_eu_survey_form_processor,EIC Coaching Service Request,eic_sr_coaching_data,Case,eic_sr_coaching,Main challenges,main_challenge,main_challenge,String,Text,,No,No,No,No,Form processor,No,,"Definition: the main challenge the beneficiary reported. Source: Form processor (EU-Survey answer ""What is your main challenge?""). Format: free text as provided by the survey. Used for: EIC Coaching service request context.","Definition: the main challenge the beneficiary reported. Source: EU-Survey answer. Used for: EIC Coaching service request context.",,,Active,help_post already set
eic_eu_survey_form_processor,EIC Corporate Partnership Service Request,eic_sr_corporate_partnership_data,Case,eic_sr_corporate_partnership,What type of partner are you targeting?,partner_type,partner_type,String,Text,,No,No,No,No,Form processor,No,,,"The type of corporate/industrial partner the beneficiary is targeting. Source: EU-Survey answer. Corporate Partnership service request context.",,,Active,
eic_eu_survey_form_processor,EIC Ecosystem Partnership Service Request,eic_sr_ecosystem_partnership_data,Case,eic_sr_ecosystem_partnership,What type of other support are you interested in?,support_interested_in,support_interested_in,String,Text,,No,No,No,No,Form processor,No,,,"The other support the beneficiary is interested in (this answer triggers the case). Source: EU-Survey answer. Ecosystem Partnership service request context.",,,Active,
eic_eu_survey_form_processor,EIC Global Business Expansion Service Request,eic_sr_global_business_expansion_data,Case,eic_sr_global_business_expansion,Which markets?,markets,markets,String,Text,,No,No,No,No,Form processor,No,,,"The markets the beneficiary plans to expand into. Source: EU-Survey answer. Global Business Expansion service request context.",,,Active,
eic_eu_survey_form_processor,EIC Global Business Expansion Service Request,eic_sr_global_business_expansion_data,Case,eic_sr_global_business_expansion,What is your main barrier?,main_barrier,main_barrier,String,Text,,No,No,No,No,Form processor,No,,,"The main barrier to international expansion the beneficiary reported. Source: EU-Survey answer. Global Business Expansion service request context.",,,Active,
eic_eu_survey_form_processor,EIC Innovation Procurement Service Request,eic_sr_innovation_procurement_data,Case,eic_sr_innovation_procurement,Are you planning to sell to public or private buyers?,selling_to_public_private_buyers,selling_to_buyers,String,Text,,No,No,No,No,Form processor,No,,"Definition: whether the beneficiary plans to sell their innovative solution to public or private buyers (e.g. through tenders). Source: Form processor (EU-Survey answer). Format: Yes/No. Used for: EIC Innovation Procurement service request context.","Whether the beneficiary plans to sell their innovative solution to public or private buyers (e.g. through tenders). Source: EU-Survey answer. Innovation Procurement service request context.",,,Active,help_post already set
eic_eu_survey_form_processor,EIC Innovation Procurement Service Request,eic_sr_innovation_procurement_data,Case,eic_sr_innovation_procurement,Where are you in the process?,where_are_you_in_the_process,where_in_process,String,Text,,No,No,No,No,Form processor,No,,"Definition: the stage the beneficiary has reached in the procurement/selling process. Source: Form processor (EU-Survey answer). Format: free text as provided by the survey. Used for: EIC Innovation Procurement service request context.","The stage the beneficiary has reached in the procurement/selling process. Source: EU-Survey answer. Innovation Procurement service request context.",,,Active,help_post already set
eic_eu_survey_form_processor,EIC International Trade Fairs Service Request,eic_sr_international_trade_fairs_data,Case,eic_sr_international_trade_fairs,Which region?,region,region,String,Text,,No,No,No,No,Form processor,No,,,"The region for trade fair participation. Source: EU-Survey answer. International Trade Fairs service request context.",,,Active,
eic_eu_survey_form_processor,EIC International Trade Fairs Service Request,eic_sr_international_trade_fairs_data,Case,eic_sr_international_trade_fairs,Type of events?,type_of_events,type_of_events,String,Text,,No,No,No,No,Form processor,No,,,"The type of trade fair events of interest. Source: EU-Survey answer. International Trade Fairs service request context.",,,Active,
eic_eu_survey_form_processor,EIC Accelerator Onboarding Survey Data,eic_accelerator_onboarding_survey_data,Activity,eic_accelerator_onboarding_survey,(survey question fields - ~25),survey_*,,String / Memo,Text / TextArea,,Mixed,No,No,No,Form processor (survey),No,,,"One field per Accelerator EU-Survey question (e.g. fundraising, investment support, partners, buyers, procurement, expansion, trade fairs, coaching, main challenge, women leadership, other support, feedback). Full list in the survey extension README. Stored on the survey activity as the answer record.",,,Active,Group-level row - expand per question if needed
